8200,0c31811d8ae24fb88898ee65eb87eab5
8201,329e46f31adb473183366c359e8efa31
8202,ac382ab0cb654984bf2db8bc3b387cc3
8203,0f63e5e985f74a72b33026ea1779ead6
8204,01db1cc0826a46e09097448b1b4ac5ad
8205,584f17e8da66434190907d75fa896017
8206,5a288a93f18f48a788fa45d9ca79b143
8207,7b8be1e00e3d48d3ab5d2420f59ec0f3
8208,2e215567b2754a0394c7dade34a0b54c
8209,699408170b9842f4b8eed4b8cae3b40a
8210,e56c9bcb73314537b1c28a0204ff3040
8211,c853dace9c1f43cc8422f5e0b2340161
8212,55849719217f47feba73a308af14fb86
8213,eccab244e76b44d8b0c3780489273568
8214,71cbd5afd07c49028e9ad8841a2dbfea
8215,4e36121931924ce8b4379f33a323be9c
8216,fb8407e08c7d4b56b1a2461133a0afee
8217,aafa3a8efc8c444ea08844910e33fe2f
8218,a6a74b4dffcb44c2b8a4cd5e36792b81
8219,5536c19f89cf49dc87123b76cfceae48
8220,4c5f73320ff142a088dcd7b5c3d861fd
8221,d601fe0cd97d49028fc75f29a7c8000a
8222,ef7b05ca8f754425a09cf04ca0fec918
8223,6b43ca982d9847d3b96f4936b34afa28
8224,4755b8dc9cf4451e85125d79ca7703fd
8225,a37771dd0abb4c6191a339368185cc74
8226,c11785129307426abc4dda0b049ff575
8227,e8fba2ed091e416482b4bc503dc965a3
8228,e219f6be92aa474ebcb9dfc167ae9a2e
8229,76fc49b722c1473194fe955d8c879cc2
8230,01983f962dd54d27a6e22ce461070f3d
8231,765db4a249a14b69885bad9915fdca9a
8232,30b1031f053441c2ac4e6d26a8afa203
8233,2d9a7c185e3d4f918bc4cad86fb55045
8234,b09aad54d6af4764965ab1870fa54d0c
8235,9b3b74ab930347da92c4eacf2a6c9392
8236,d728d4eceee94b89a48e3e73f37e699d
8237,a5b7c4f6ec354437a64944b1215fd95e
8238,696682e12b7349b7b64bc7e5ea0606f6
8239,30a95f46066d4b4ba98219311966f964
8240,29198f644eae44fda609ec1ab91f5d34
8241,fbe3274167aa4a90930da271fc9da987
8242,fb4d170eb09040e0a23dcb8325b9355c
8243,33db17c971f54a669f9413c0a683ac27
8244,e7258b5f972a46b2a36d807da041f59a
8245,4a8ec6192d41490dbca585c78f0c8094
8246,ecbe5f5ffb1945ae807f1aea7bb3af37
8247,316b1f68852f48ebb891d0f9b9839803
8248,9549742f650a4d06bf0534e4c5685b75
8249,392da91fae4d4af59020505803688eb8
8250,0c7e246dc6494eb984319ceec7e5c037
8251,d14ffc8c9e6f487ea8e28f41922022e2
8252,75a5d2d6681646518a56d68de3035253
8253,6f53adb0e9f448e08987b1b0cdf15558
8254,119f094307854290af42708400e71295
8255,af5f810e5ee94833ab1f2446eb54d1c3
8256,632981aab06840b58c2344a5e22e902f
8257,ae7796c45bfc44d58859f9067426fa20
8258,3c2dc86486574be184b9ca4c7e690d1c
8259,f505324d646a49fb92b50c03ddff613c
8260,d65400c9711948c5a49dc55aaf815cde
8261,8e91530f7ad54915beebc45dac78257d
8262,156f757c1737465c988f2380ac272f4a
8263,6d9f29d8b6704ca1bd4d9efcddaf977e
8264,4523d5db8c544201aa9bba1c5baf39e4
8265,fb5169d893794ae294688e7acc573c9c
8266,6e67d6b2b50343a8a39bde024a003958
8267,40108e968e024a6a8fbf081b1eb7541d
8268,3dfc01ed3c96468281ce20989d22f5d6
8269,d7408c12bb8846cba9916b6427d10e35
8270,01a02287c87c49d88b14dbacb2468151
8271,1062ab17099849b394343c2613ae98a3
8272,322e749b7fd7436a8561bce1f99dab6b
8273,df6c37a8f1b64dfba6ab9e30278f8ae6
8274,5065b3602c4a4152aad72f9790ac64f2
8275,47dbd63c3ae545ffb4d480889cc39560
8276,491acf036a844fc897d71af56b2e45ad
8277,906086eff832436e9d7b5bc05a220c95
8278,765ae71c262a4c6fa8b224bd700c728d
8279,72715fcb7bfb40bcb6f45479ba899b01
8280,954c40ec14594c0aaf8c22017494881f
8281,09387eeb037243dfa624c34159d2ab23
8282,0a7601bdf96f43889a5c1c955c42e9f9
8283,6e722b07b80a412ba428ef3ecf1f06b8
8284,a9972d2d137f429ca67583b20b23324a
8285,4a7ecec020a342229dcc62ea031bffd0
8286,07157cc02b1644bdaa05df82c4050875
8287,02f02054eceb4ec782df608747a9bd00
8288,8d4290512c874435b5a1bebd6c83bae0
8289,af4044f3dad4479a8f50227b8ef0cdb6
8290,07a1f0db19974b65bf65fe57a01995be
8291,e7a8459ac69c4c3cbc0a9a45e7ef0dc6
8292,062d492d1eaf4b3ba0b7c61a834c554c
8293,e2c8bd7ca8ce427e9d25cb08ee1f2eb0
8294,88bf988d6d29438a9edd9a4a2cd29538
8295,4ea6ba93c19b4fe8b1d5f1b1f23320a6
8296,4fe35883f98a4b78ad598f6b626b60b4
8297,154c56c6d6a84e78be91939f17c56ead
8298,6b389e5900434ed692889845de4026f5
8299,2e92d98c887a430aa9746464d189764d
